c1_1;c1_2;c1_3;c1_4;c1_5;
c2_1;c2_2;c2_3;c2_4;c2_5;
c3_1;c3_2;c3_3;c3_4;c3_5;
c4_1;c4_2;c4_3;c4_4;c4_5;
c5_1;c5_2;c5_3;c5_4;c5_5;
c6_1;c6_2;c6_3;c6_4;c6_5;
c7_1;c7_2;c7_3;c7_4;c7_5;
c8_1;c8_2;c8_3;c8_4;c8_5;
c9_1;c9_2;c9_3;c9_4;c9_5;
c10_1;c10_2;c10_3;c10_4;c10_5;
c11_1;c11_2;c11_3;c11_4;c11_5;
c12_1;c12_2;c12_3;c12_4;c12_5;
c13_1;c13_2;c13_3;c13_4;c13_5;
c14_1;c14_2;c14_3;c14_4;c14_5;
c15_1;c15_2;c15_3;c15_4;c15_5;
c16_1;c16_2;c16_3;c16_4;c16_5;
c17_1;c17_2;c17_3;c17_4;c17_5;
c18_1;c18_2;c18_3;c18_4;c18_5;
c19_1;c19_2;c19_3;c19_4;c19_5;
c20_1;c20_2;c20_3;c20_4;c20_5;
c21_1;c21_2;c21_3;c21_4;c21_5;
c22_1;c22_2;c22_3;c22_4;c22_5;
c23_1;c23_2;c23_3;c23_4;c23_5;
c24_1;c24_2;c24_3;c24_4;c24_5;
c25_1;c25_2;c25_3;c25_4;c25_5;
c26_1;c26_2;c26_3;c26_4;c26_5;
c27_1;c27_2;c27_3;c27_4;c27_5;
c28_1;c28_2;c28_3;c28_4;c28_5;
c29_1;c29_2;c29_3;c29_4;c29_5;
c30_1;c30_2;c30_3;c30_4;c30_5;
c31_1;c31_2;c31_3;c31_4;c31_5;
c32_1;c32_2;c32_3;c32_4;c32_5;
c33_1;c33_2;c33_3;c33_4;c33_5;
c34_1;c34_2;c34_3;c34_4;c34_5;
c35_1;c35_2;c35_3;c35_4;c35_5;
c36_1;c36_2;c36_3;c36_4;c36_5;
c37_1;c37_2;c37_3;c37_4;c37_5;
c38_1;c38_2;c38_3;c38_4;c38_5;
c39_1;c39_2;c39_3;c39_4;c39_5;
c40_1;c40_2;c40_3;c40_4;c40_5;
c41_1;c41_2;c41_3;c41_4;c41_5;
c42_1;c42_2;c42_3;c42_4;c42_5;
c43_1;c43_2;c43_3;c43_4;c43_5;
c44_1;c44_2;c44_3;c44_4;c44_5;
c45_1;c45_2;c45_3;c45_4;c45_5;
c46_1;c46_2;c46_3;c46_4;c46_5;
c47_1;c47_2;c47_3;c47_4;c47_5;
c48_1;c48_2;c48_3;c48_4;c48_5;
c49_1;c49_2;c49_3;c49_4;c49_5;
c50_1;c50_2;c50_3;c50_4;c50_5;
c51_1;c51_2;c51_3;c51_4;c51_5;
c52_1;c52_2;c52_3;c52_4;c52_5;
c53_1;c53_2;c53_3;c53_4;c53_5;
c54_1;c54_2;c54_3;c54_4;c54_5;
c55_1;c55_2;c55_3;c55_4;c55_5;
c56_1;c56_2;c56_3;c56_4;c56_5;
c57_1;c57_2;c57_3;c57_4;c57_5;
c58_1;c58_2;c58_3;c58_4;c58_5;
c59_1;c59_2;c59_3;c59_4;c59_5;
c60_1;c60_2;c60_3;c60_4;c60_5;
c61_1;c61_2;c61_3;c61_4;c61_5;
c62_1;c62_2;c62_3;c62_4;c62_5;
c63_1;c63_2;c63_3;c63_4;c63_5;
c64_1;c64_2;c64_3;c64_4;c64_5;
c65_1;c65_2;c65_3;c65_4;c65_5;
c66_1;c66_2;c66_3;c66_4;c66_5;
c67_1;c67_2;c67_3;c67_4;c67_5;
c68_1;c68_2;c68_3;c68_4;c68_5;
c69_1;c69_2;c69_3;c69_4;c69_5;
c70_1;c70_2;c70_3;c70_4;c70_5;
c71_1;c71_2;c71_3;c71_4;c71_5;
c72_1;c72_2;c72_3;c72_4;c72_5;
c73_1;c73_2;c73_3;c73_4;c73_5;
c74_1;c74_2;c74_3;c74_4;c74_5;
c75_1;c75_2;c75_3;c75_4;c75_5;
c76_1;c76_2;c76_3;c76_4;c76_5;
c77_1;c77_2;c77_3;c77_4;c77_5;
c78_1;c78_2;c78_3;c78_4;c78_5;
c79_1;c79_2;c79_3;c79_4;c79_5;
c80_1;c80_2;c80_3;c80_4;c80_5;
c81_1;c81_2;c81_3;c81_4;c81_5;
c82_1;c82_2;c82_3;c82_4;c82_5;
c83_1;c83_2;c83_3;c83_4;c83_5;
c84_1;c84_2;c84_3;c84_4;c84_5;
c85_1;c85_2;c85_3;c85_4;c85_5;
c86_1;c86_2;c86_3;c86_4;c86_5;
c87_1;c87_2;c87_3;c87_4;c87_5;
c88_1;c88_2;c88_3;c88_4;c88_5;
c89_1;c89_2;c89_3;c89_4;c89_5;
c90_1;c90_2;c90_3;c90_4;c90_5;
c91_1;c91_2;c91_3;c91_4;c91_5;
c92_1;c92_2;c92_3;c92_4;c92_5;
c93_1;c93_2;c93_3;c93_4;c93_5;
c94_1;c94_2;c94_3;c94_4;c94_5;
c95_1;c95_2;c95_3;c95_4;c95_5;
c96_1;c96_2;c96_3;c96_4;c96_5;
c97_1;c97_2;c97_3;c97_4;c97_5;
c98_1;c98_2;c98_3;c98_4;c98_5;
c99_1;c99_2;c99_3;c99_4;c99_5;
c100_1;c100_2;c100_3;c100_4;c100_5;
